﻿{"cameraMode":{"drawMode":0,"name":"Shaded","section":"Shading Mode"},"sceneLighting":true,"audioPlay":false,"sceneViewState":{"showFog":true,"showMaterialUpdate":false,"showSkybox":true,"showFlares":true,"showImageEffects":true,"showParticleSystems":true},"in2DMode":false,"pivot":{"x":-0.39469459652900698,"y":-0.24770218133926392,"z":0.09633619338274002},"rotation":{"x":-0.28426593542099,"y":-0.7157102227210999,"z":0.454528272151947,"w":-0.44761139154434206},"size":5.0083327293396,"orthographic":false}