﻿{"cameraMode":{"drawMode":0,"name":"Shaded","section":"Shading Mode"},"sceneLighting":false,"audioPlay":false,"sceneViewState":{"showFog":true,"showMaterialUpdate":false,"showSkybox":true,"showFlares":true,"showImageEffects":true,"showParticleSystems":true},"in2DMode":false,"pivot":{"x":1.0839999914169312,"y":1.777999997138977,"z":0.32999998331069949},"rotation":{"x":-0.15237709879875184,"y":0.15116402506828309,"z":-0.02359054423868656,"w":-0.976408839225769},"size":1.630937099456787,"orthographic":false}